{"cameraMode":{"drawMode":0,"name":"Shaded","section":"Shading Mode"},"sceneLighting":false,"audioPlay":false,"sceneViewState":{"showFog":true,"showMaterialUpdate":false,"showSkybox":false,"showFlares":true,"showImageEffects":true,"showParticleSystems":true},"in2DMode":false,"pivot":{"x":-2.401433229446411,"y":1.6299999952316285,"z":-6.724999904632568},"rotation":{"x":0.24933375418186189,"y":-0.1466173678636551,"z":0.03821878880262375,"w":0.9564942717552185},"size":0.4489523470401764,"orthographic":false}