{"cameraMode":{"drawMode":0,"name":"Shaded","section":"Shading Mode"},"sceneLighting":false,"audioPlay":false,"sceneViewState":{"showFog":true,"showMaterialUpdate":false,"showSkybox":true,"showFlares":true,"showImageEffects":true,"showParticleSystems":true},"in2DMode":false,"pivot":{"x":-2.460125207901001,"y":1.0783772468566895,"z":-8.227964401245118},"rotation":{"x":0.12417862564325333,"y":-0.001488188747316599,"z":0.00018515299598220736,"w":0.9922654032707214},"size":3.207951307296753,"orthographic":false}