{"cameraMode":{"drawMode":0,"name":"Shaded","section":"Shading Mode"},"sceneLighting":false,"audioPlay":false,"sceneViewState":{"showFog":true,"showMaterialUpdate":false,"showSkybox":true,"showFlares":true,"showImageEffects":true,"showParticleSystems":true},"in2DMode":false,"pivot":{"x":-1.6962199211120606,"y":1.5920499563217164,"z":-0.15947578847408296},"rotation":{"x":-0.10112246125936508,"y":0.17004328966140748,"z":-0.01753971353173256,"w":-0.9801123142242432},"size":6.878692150115967,"orthographic":false}