{"cameraMode":{"drawMode":0,"name":"Shaded","section":"Shading Mode"},"sceneLighting":false,"audioPlay":false,"sceneViewState":{"showFog":true,"showMaterialUpdate":false,"showSkybox":true,"showFlares":true,"showImageEffects":true,"showParticleSystems":true},"in2DMode":false,"pivot":{"x":378.7908935546875,"y":2.211794137954712,"z":109.21162414550781},"rotation":{"x":0.23432470858097077,"y":-0.5449849963188171,"z":0.16191256046295167,"w":0.7886369824409485},"size":5.944279193878174,"orthographic":false}