{"cameraMode":{"drawMode":0,"name":"Shaded","section":"Shading Mode"},"sceneLighting":false,"audioPlay":false,"sceneViewState":{"showFog":true,"showMaterialUpdate":false,"showSkybox":true,"showFlares":true,"showImageEffects":true,"showParticleSystems":true},"in2DMode":false,"pivot":{"x":10.092171669006348,"y":2.79830265045166,"z":-3.1083507537841799},"rotation":{"x":-0.1099168211221695,"y":-0.8093657493591309,"z":0.16054271161556245,"w":-0.5541855692863464},"size":19.98184585571289,"orthographic":false}